Island,M,mu_hex,variance_hex,H_hex,nearest_possible_source_km_hex,furthest_possible_source_km_hex
BB,6,0x1.8d263286bca79p-14,0x1.9f486eaebd81fp-26,0x1.5919efb75e53bp+1,0x1.4191a1d1e1a60p+6,0x1.ed579665ef287p+6
BT,6,0x1.05cab69620a47p-12,0x1.68e4b4e1edc2dp-23,0x1.5919efb75e537p+1,0x1.193c229648d22p+6,0x1.c502172a56549p+6
DF,6,0x1.0cba3687db2b3p-12,0x1.7c44c8ad8f6a7p-23,0x1.5919efb75e53bp+1,0x1.1825a98128796p+6,0x1.c3eb9e1535fbdp+6
EB,6,0x1.69aa684bd56cbp-10,0x1.5863fad8253ffp-18,0x1.5919efb75e538p+1,0x1.a43cbca1fa0d2p+5,0x1.7de452e50a890p+6
HF,6,0x1.79197d54eebfcp-3,0x1.7f7ef1ebb9874p-6,0x1.617991c4dd2b4p-1,0x1.113f6451251c8p+3,0x1.133c1013d1bdcp+5
MI,6,0x1.aa7c14d2552e0p-5,0x1.dee60bc6c79b7p-8,0x1.5919efb75e537p+1,0x1.d8a5105686b98p+3,0x1.cdb52d3dbcb34p+5
NH,6,0x1.ac797c9924145p-3,0x1.76d8af483ec57p-6,0x1.0b9de07605cbap-1,0x1.2c5702cd80debp+3,0x1.e913466d425a6p+4
OS,6,0x1.b49d88806de3fp-9,0x1.f5eb95495f0b9p-16,0x1.5919efb75e537p+1,0x1.5ae5415ad1e2cp+5,0x1.593895417673dp+6
PR,6,0x1.1d7a88d391447p-6,0x1.ad279f8568020p-11,0x1.5919efb75e535p+1,0x1.a2768c7b461c0p+4,0x1.146397b2df097p+6
SF,6,0x1.fafd79bd994f5p-6,0x1.52617c3e0de7fp-9,0x1.5919efb75e53ap+1,0x1.42e460e64d002p+4,0x1.f8fe199b41850p+5
SK,6,0x1.d05d221d6689bp-6,0x1.1bdf5fcad6405p-9,0x1.5919efb75e537p+1,0x1.5181a464f51edp+4,0x1.00265dad4aca2p+6
WD,6,0x1.7f4cc03438721p-13,0x1.82d30d92e0d1cp-24,0x1.5919efb75e536p+1,0x1.2635a5153667fp+6,0x1.d1fb99a943ea6p+6
WF,6,0x1.63b2a513d573bp-6,0x1.4d1e6892fd9f5p-10,0x1.5919efb75e535p+1,0x1.7dde37228b6f1p+4,0x1.0b3d825cb05e3p+6
