Island,Lat,Long
BB,0x1.b9f3eff195033p+5,-0x1.a625d8d79d0a6p+6
BT,0x1.bad56c0d6f545p+5,-0x1.a5b1c970f7b9ep+6
DF,0x1.ba9fd8adab9f5p+5,-0x1.a5dd512ec6bcfp+6
DN,0x1.bc286d71f3626p+5,-0x1.a23aebc408d8fp+6
EB,0x1.b9cf51ac9afe2p+5,-0x1.a5056d5cfaacep+6
FD,0x1.bbf5c28f5c28fp+5,-0x1.a20779a6b50b1p+6
HF,0x1.b9e05302b1603p+5,-0x1.a1dc7339b37ffp+6
HU,0x1.b95681ecd4aa1p+5,-0x1.a21ed527e5215p+6
IL,0x1.badea35935fc4p+5,-0x1.a1a44d013a92ap+6
IS,0x1.bacd5a5b9628dp+5,-0x1.a1b1ee2435697p+6
MI,0x1.ba2fa66f95e50p+5,-0x1.a2ae78f5b5236p+6
NH,0x1.ba20c49ba5e35p+5,-0x1.a1ba92a305532p+6
OS,0x1.b9ed38476f2a6p+5,-0x1.a473b645a1cacp+6
PP,0x1.bc20cf1800a7cp+5,-0x1.a238769ec2ce4p+6
PR,0x1.ba85143bf7271p+5,-0x1.a3569ec2ce465p+6
SF,0x1.ba41bda5119cep+5,-0x1.a3047ecfe9b7cp+6
SK,0x1.ba92007dd4413p+5,-0x1.a2e5460aa64c3p+6
WD,0x1.bb0e1c58255b0p+5,-0x1.a5a132b55ef20p+6
WF,0x1.b83e28240b780p+5,-0x1.a346b50b0f27cp+6
