Island,PC1,PC2,PC3,TSF_Z,LOG_AREA_Z,LOG_MAINLAND_DISTANCE_Z
BB,0x1.984ab8a5dd79dp-2,-0x1.3ebb4422a98f2p+0,-0x1.881c459c03e09p-1,-0x1.8a18cf6e7b48dp-1,-0x1.aaca61915485dp-2,-0x1.6954e3cf2357dp-3
BT,0x1.770384a982142p-3,-0x1.17aeceba9796ep-4,-0x1.e0eabbe894dbep-1,-0x1.8a18cf6e7b48dp-1,-0x1.38ecd2ae8c081p+0,0x1.ba1e6bcfeea32p-2
DF,0x1.7198a4f26bfc2p-1,-0x1.9fa3a4482e954p+0,-0x1.603b97f9d93f4p-1,-0x1.8a18cf6e7b48dp-1,0x1.ff2841b345b50p-1,-0x1.928f3da777375p-3
DN,-0x1.a8120575ebecbp+0,0x1.4f67bda7cf362p+0,0x1.e8898e13f2764p-3,0x1.aa0cfbed0fa87p-2,0x1.8c5d1dc775de5p-1,-0x1.69b0b495b440cp-1
EB,0x1.bdc33b98ee310p+0,-0x1.16f0a77d6e5ecp-1,0x1.e5325087ec064p-2,-0x1.8a18cf6e7b48dp-1,0x1.6b3abb7dffbc1p-3,-0x1.5e0912cd0f00dp-2
FD,-0x1.ee7ab6f9693a8p-2,0x1.b8ebcea2af7b5p+0,-0x1.5618b6bc37e5dp-1,0x1.aa0cfbed0fa87p-2,0x1.e1b21da4c48b1p-1,-0x1.9c91986985546p-1
HF,0x1.df649fb1b347fp+1,-0x1.d22d7cceab22cp-6,0x1.16f6280bdc185p+0,-0x1.4bf6eab13e558p+0,0x1.c515407e3fac6p-5,0x1.70c22cd145749p-1
HU,-0x1.2cfabcd4e40eap+0,-0x1.d229010a9732ap-1,-0x1.d41e254355fb3p-1,-0x1.c6743febcc701p-4,-0x1.6cd3702cd0c91p+0,0x1.6e9df2fde49f3p+1
IL,-0x1.24ec48b062a15p-1,0x1.266bf74c38d9bp-1,0x1.ea5f64d6e0012p+0,0x1.dd88272ac5d13p+0,0x1.da953101cbcddp-2,0x1.17578ded2df8dp-6
IS,0x1.67ff525a45324p-1,0x1.952318b3e6cb7p+1,-0x1.b348e6e710cdep-2,0x1.dd88272ac5d13p+0,-0x1.db4d3f1f7073ep-2,-0x1.bc18a6be26b20p-3
MI,0x1.d3087518e57b7p+1,-0x1.4043b333b8e6ap-3,-0x1.a63b70205502cp-5,-0x1.4bf6eab13e558p+0,-0x1.6cd3702cd0c91p+0,0x1.33948cc7f2590p+1
NH,-0x1.2c2d3ecd6d716p+0,-0x1.3b6db6d5be1e0p-5,0x1.da9c55cd0dcf4p+0,0x1.dd88272ac5d13p+0,0x1.6558d86d2dac1p-6,-0x1.b6c3dedb59b0bp-2
OS,-0x1.317390cabb8c2p-2,-0x1.47916617ef1b4p+0,-0x1.f7a9c76684a5fp-1,-0x1.8a18cf6e7b48dp-1,-0x1.7848729864daep-1,-0x1.2c9c534e8b5bbp-1
PP,-0x1.a2b4ac2b61468p-1,-0x1.60b56be6088abp-1,0x1.3a759226c595ep-1,0x1.aa0cfbed0fa87p-2,-0x1.e870c1d69d607p-4,-0x1.389cf8ba2c43ap-1
PR,-0x1.5e20e8e2925c2p-2,0x1.5299b19a2d7d6p+1,-0x1.0c11bb411a52ap+0,0x1.aa0cfbed0fa87p-2,-0x1.8156785fd9caep+0,-0x1.20b60de0fc6acp-1
SF,-0x1.e8556b4b0627ap+0,-0x1.1f2e72ddbe33cp-1,0x1.ea14798cf7952p-1,0x1.aa0cfbed0fa87p-2,0x1.0229782bbe1cep+1,-0x1.14e9b583832fcp-1
SK,-0x1.059d0e5d039cep+0,-0x1.1c605844dac70p-1,0x1.1c6ab5919d6a2p+0,0x1.aa0cfbed0fa87p-2,-0x1.38664dbdfa069p-1,-0x1.a995e7caf4aa5p-1
WD,-0x1.2965c382f1772p-2,-0x1.6cc9518cb674cp-1,-0x1.880042c3216efp-1,-0x1.8a18cf6e7b48dp-1,0x1.42c3e2135c00fp+0,-0x1.8fac48b1bda15p-1
WF,-0x1.67824d5a8ca3fp+0,-0x1.0157ae7f4476dp+0,-0x1.0157d3b00b121p+0,-0x1.8a18cf6e7b48dp-1,0x1.36d13dcc6000ap+0,0x1.66da33150b5acp-2
