target,n,M,mu_hex,sigma2_hex,S_hex
BB,1,6,0x1.8d263286bca79p-14,0x1.9f486eaebd81fp-26,0x1.5919efb75e53bp+1
BB,2,6,0x1.8d263286bca79p-14,0x1.9f486eaebd81fp-26,0x1.1414bfc5e50fcp+0
BB,3,6,0x1.8d263286bca79p-14,0x1.9f486eaebd81fp-26,0x1.1414bfc5e50fcp-1
BB,4,6,0x1.8d263286bca79p-14,0x1.9f486eaebd81fp-26,0x1.1414bfc5e50fcp-2
BB,5,6,0x1.8d263286bca79p-14,0x1.9f486eaebd81fp-26,0x1.b9bacc6fd4e60p-4
BB,6,6,0x1.8d263286bca79p-14,0x1.9f486eaebd81fp-26,0x0.0p+0
BT,1,6,0x1.05cab69620a47p-12,0x1.68e4b4e1edc2dp-23,0x1.5919efb75e537p+1
BT,2,6,0x1.05cab69620a47p-12,0x1.68e4b4e1edc2dp-23,0x1.1414bfc5e50f9p+0
BT,3,6,0x1.05cab69620a47p-12,0x1.68e4b4e1edc2dp-23,0x1.1414bfc5e50f9p-1
BT,4,6,0x1.05cab69620a47p-12,0x1.68e4b4e1edc2dp-23,0x1.1414bfc5e50f9p-2
BT,5,6,0x1.05cab69620a47p-12,0x1.68e4b4e1edc2dp-23,0x1.b9bacc6fd4e5bp-4
BT,6,6,0x1.05cab69620a47p-12,0x1.68e4b4e1edc2dp-23,0x0.0p+0
DF,1,6,0x1.0cba3687db2b3p-12,0x1.7c44c8ad8f6a7p-23,0x1.5919efb75e53bp+1
DF,2,6,0x1.0cba3687db2b3p-12,0x1.7c44c8ad8f6a7p-23,0x1.1414bfc5e50fcp+0
DF,3,6,0x1.0cba3687db2b3p-12,0x1.7c44c8ad8f6a7p-23,0x1.1414bfc5e50fcp-1
DF,4,6,0x1.0cba3687db2b3p-12,0x1.7c44c8ad8f6a7p-23,0x1.1414bfc5e50fcp-2
DF,5,6,0x1.0cba3687db2b3p-12,0x1.7c44c8ad8f6a7p-23,0x1.b9bacc6fd4e60p-4
DF,6,6,0x1.0cba3687db2b3p-12,0x1.7c44c8ad8f6a7p-23,0x0.0p+0
EB,1,6,0x1.69aa684bd56cbp-10,0x1.5863fad8253ffp-18,0x1.5919efb75e538p+1
EB,2,6,0x1.69aa684bd56cbp-10,0x1.5863fad8253ffp-18,0x1.1414bfc5e50fap+0
EB,3,6,0x1.69aa684bd56cbp-10,0x1.5863fad8253ffp-18,0x1.1414bfc5e50fap-1
EB,4,6,0x1.69aa684bd56cbp-10,0x1.5863fad8253ffp-18,0x1.1414bfc5e50fap-2
EB,5,6,0x1.69aa684bd56cbp-10,0x1.5863fad8253ffp-18,0x1.b9bacc6fd4e5cp-4
EB,6,6,0x1.69aa684bd56cbp-10,0x1.5863fad8253ffp-18,0x0.0p+0
HF,1,6,0x1.79197d54eebfcp-3,0x1.7f7ef1ebb9874p-6,0x1.617991c4dd2b4p-1
HF,2,6,0x1.79197d54eebfcp-3,0x1.7f7ef1ebb9874p-6,0x1.1ac7a7d0b0ef7p-2
HF,3,6,0x1.79197d54eebfcp-3,0x1.7f7ef1ebb9874p-6,0x1.1ac7a7d0b0ef7p-3
HF,4,6,0x1.79197d54eebfcp-3,0x1.7f7ef1ebb9874p-6,0x1.1ac7a7d0b0ef7p-4
HF,5,6,0x1.79197d54eebfcp-3,0x1.7f7ef1ebb9874p-6,0x1.c472a61ab4b24p-6
HF,6,6,0x1.79197d54eebfcp-3,0x1.7f7ef1ebb9874p-6,0x0.0p+0
MI,1,6,0x1.aa7c14d2552e0p-5,0x1.dee60bc6c79b7p-8,0x1.5919efb75e537p+1
MI,2,6,0x1.aa7c14d2552e0p-5,0x1.dee60bc6c79b7p-8,0x1.1414bfc5e50f9p+0
MI,3,6,0x1.aa7c14d2552e0p-5,0x1.dee60bc6c79b7p-8,0x1.1414bfc5e50f9p-1
MI,4,6,0x1.aa7c14d2552e0p-5,0x1.dee60bc6c79b7p-8,0x1.1414bfc5e50f9p-2
MI,5,6,0x1.aa7c14d2552e0p-5,0x1.dee60bc6c79b7p-8,0x1.b9bacc6fd4e5bp-4
MI,6,6,0x1.aa7c14d2552e0p-5,0x1.dee60bc6c79b7p-8,0x0.0p+0
NH,1,6,0x1.ac797c9924145p-3,0x1.76d8af483ec57p-6,0x1.0b9de07605cbap-1
NH,2,6,0x1.ac797c9924145p-3,0x1.76d8af483ec57p-6,0x1.ac2fcd89a2df7p-3
NH,3,6,0x1.ac797c9924145p-3,0x1.76d8af483ec57p-6,0x1.ac2fcd89a2df7p-4
NH,4,6,0x1.ac797c9924145p-3,0x1.76d8af483ec57p-6,0x1.ac2fcd89a2df7p-5
NH,5,6,0x1.ac797c9924145p-3,0x1.76d8af483ec57p-6,0x1.568ca46e1be5fp-6
NH,6,6,0x1.ac797c9924145p-3,0x1.76d8af483ec57p-6,0x0.0p+0
OS,1,6,0x1.b49d88806de3fp-9,0x1.f5eb95495f0b9p-16,0x1.5919efb75e537p+1
OS,2,6,0x1.b49d88806de3fp-9,0x1.f5eb95495f0b9p-16,0x1.1414bfc5e50f9p+0
OS,3,6,0x1.b49d88806de3fp-9,0x1.f5eb95495f0b9p-16,0x1.1414bfc5e50f9p-1
OS,4,6,0x1.b49d88806de3fp-9,0x1.f5eb95495f0b9p-16,0x1.1414bfc5e50f9p-2
OS,5,6,0x1.b49d88806de3fp-9,0x1.f5eb95495f0b9p-16,0x1.b9bacc6fd4e5bp-4
OS,6,6,0x1.b49d88806de3fp-9,0x1.f5eb95495f0b9p-16,0x0.0p+0
PR,1,6,0x1.1d7a88d391447p-6,0x1.ad279f8568020p-11,0x1.5919efb75e535p+1
PR,2,6,0x1.1d7a88d391447p-6,0x1.ad279f8568020p-11,0x1.1414bfc5e50f7p+0
PR,3,6,0x1.1d7a88d391447p-6,0x1.ad279f8568020p-11,0x1.1414bfc5e50f7p-1
PR,4,6,0x1.1d7a88d391447p-6,0x1.ad279f8568020p-11,0x1.1414bfc5e50f7p-2
PR,5,6,0x1.1d7a88d391447p-6,0x1.ad279f8568020p-11,0x1.b9bacc6fd4e58p-4
PR,6,6,0x1.1d7a88d391447p-6,0x1.ad279f8568020p-11,0x0.0p+0
SF,1,6,0x1.fafd79bd994f5p-6,0x1.52617c3e0de7fp-9,0x1.5919efb75e53ap+1
SF,2,6,0x1.fafd79bd994f5p-6,0x1.52617c3e0de7fp-9,0x1.1414bfc5e50fbp+0
SF,3,6,0x1.fafd79bd994f5p-6,0x1.52617c3e0de7fp-9,0x1.1414bfc5e50fbp-1
SF,4,6,0x1.fafd79bd994f5p-6,0x1.52617c3e0de7fp-9,0x1.1414bfc5e50fbp-2
SF,5,6,0x1.fafd79bd994f5p-6,0x1.52617c3e0de7fp-9,0x1.b9bacc6fd4e5fp-4
SF,6,6,0x1.fafd79bd994f5p-6,0x1.52617c3e0de7fp-9,0x0.0p+0
SK,1,6,0x1.d05d221d6689bp-6,0x1.1bdf5fcad6405p-9,0x1.5919efb75e537p+1
SK,2,6,0x1.d05d221d6689bp-6,0x1.1bdf5fcad6405p-9,0x1.1414bfc5e50f9p+0
SK,3,6,0x1.d05d221d6689bp-6,0x1.1bdf5fcad6405p-9,0x1.1414bfc5e50f9p-1
SK,4,6,0x1.d05d221d6689bp-6,0x1.1bdf5fcad6405p-9,0x1.1414bfc5e50f9p-2
SK,5,6,0x1.d05d221d6689bp-6,0x1.1bdf5fcad6405p-9,0x1.b9bacc6fd4e5bp-4
SK,6,6,0x1.d05d221d6689bp-6,0x1.1bdf5fcad6405p-9,0x0.0p+0
WD,1,6,0x1.7f4cc03438721p-13,0x1.82d30d92e0d1cp-24,0x1.5919efb75e536p+1
WD,2,6,0x1.7f4cc03438721p-13,0x1.82d30d92e0d1cp-24,0x1.1414bfc5e50f8p+0
WD,3,6,0x1.7f4cc03438721p-13,0x1.82d30d92e0d1cp-24,0x1.1414bfc5e50f8p-1
WD,4,6,0x1.7f4cc03438721p-13,0x1.82d30d92e0d1cp-24,0x1.1414bfc5e50f8p-2
WD,5,6,0x1.7f4cc03438721p-13,0x1.82d30d92e0d1cp-24,0x1.b9bacc6fd4e5ap-4
WD,6,6,0x1.7f4cc03438721p-13,0x1.82d30d92e0d1cp-24,0x0.0p+0
WF,1,6,0x1.63b2a513d573bp-6,0x1.4d1e6892fd9f5p-10,0x1.5919efb75e535p+1
WF,2,6,0x1.63b2a513d573bp-6,0x1.4d1e6892fd9f5p-10,0x1.1414bfc5e50f7p+0
WF,3,6,0x1.63b2a513d573bp-6,0x1.4d1e6892fd9f5p-10,0x1.1414bfc5e50f7p-1
WF,4,6,0x1.63b2a513d573bp-6,0x1.4d1e6892fd9f5p-10,0x1.1414bfc5e50f7p-2
WF,5,6,0x1.63b2a513d573bp-6,0x1.4d1e6892fd9f5p-10,0x1.b9bacc6fd4e58p-4
WF,6,6,0x1.63b2a513d573bp-6,0x1.4d1e6892fd9f5p-10,0x0.0p+0
