island,area_ha,distance_to_mainland_km,tsf_2020_years,fire_history_source
BB,6.3,0.35,5,"Landsat"
BC,23.3,1.76,215,"Dendro"
BS,350.4,0.27,75,"Dendro"
BT,1.8,0.69,5,"Landsat"
CC,21.1,0.14,176,"Dendro"
CD,3.2,3.87,179,"Dendro"
CG,1.6,0.24,113,"Dendro"
DF,38.3,0.34,5,"Landsat"
DN,29.1,0.11,14,"Landsat"
DS,101,0.21,180,"Dendro"
EB,13.8,0.27,5,"Landsat"
EI,2.9,0.15,76,"Dendro"
EL,10,6.94,115,"Dendro"
FD,35.7,0.07,14,"Landsat"
HF,11.8,0.88,1,"Landsat"
HI,35,0.02,39,"Landsat + maps"
HU,1.2,3.15,10,"Landsat"
IL,19.8,0.45,25,"Landsat"
IS,5.9,0.33,25,"Landsat"
JO,130.2,6.58,111,"Dendro"
KA,3.9,2.1,125,"Dendro"
KC,3.4,1.23,69,"Dendro"
KP,2.7,0.14,39,"Landsat + maps"
KR,4.5,0.07,39,"Landsat + maps"
LQ,26.9,7.03,164,"Dendro"
MI,1.2,2.5,1,"Landsat"
MN,1.7,0.15,38,"Landsat + maps"
MT,7.5,0.38,134,"Dendro"
NH,11.3,0.23,25,"Landsat"
NV,16.8,1.84,129,"Dendro"
NW,53.9,1.72,216,"Dendro"
OS,4,0.16,5,"Landsat"
PP,9.4,0.15,14,"Landsat"
PR,1,0.17,14,"Landsat"
QC,10.5,0.04,82,"Dendro"
SF,131,0.18,14,"Landsat"
SG,47.7,7.9,231,"Dendro"
SK,4.8,0.06,14,"Landsat"
SR,1.9,0.54,83,"Dendro"
TB,19.5,6.63,82,"Dendro"
WD,52.7,0.08,5,"Landsat"
WF,49.8,0.64,5,"Landsat"
