ID,ALA_FID,polygon_to_original_area_ratio
117001,54049,0.9842214475351707
117002,54050,0.9946694725934228
117003,59604,3.022003422090944
117005,59607,1.0092224695393828
117006,59606,1.2782505911327762
117007,59608,0.9639179481304557
4642,147630,0.695147893052627
4694,286602,0.9704109797472534
4795,268793,0.9039402009277819
4995,27674,0.9741069691347711
5046,28405,0.959919503711881
5238,527382,0.8895971078789947
5332,533432,0.9180321800174612
5410,527437,0.8862208568641773
5449,527574,0.8688376987256636
5452,527558,0.9031037228501088
5471,527412,0.9047599406667082
5486,527613,0.9689028469698311
5487,527610,0.8808792413999451
5499,527617,0.8794598562406268
5512,527598,0.8261499881638206
5518,527609,0.9487308592439999
5524,527662,1.035395754977723
5526,527427,0.6857090653189927
5540,53329,0.5062431283873269
5563,527669,0.9644367378234435
5573,647691,0.9265772591108398
5621,527380,1.018921295909312
5842,148923,0.955183045238172
5843,148885,0.9859473812688371
5859,535517,0.8837430459020214
5900,54640,0.8998056849051702
5917,535518,0.9299831709545052
5929,561932,0.8980566170168155
5945,54615,0.9868171820381594
6055,296396,0.9950333074308721
6074,273528,0.969764694615375
6142,128467,0.9658661276533959
6143,273490,0.8825430232276907
6146,273537,1.005623373225054
6147,273542,0.9884123729716375
6148,273539,0.9274897289698201
6163,481430,0.6222421219912424
6173,273518,0.9737854679619589
6176,273512,0.9436227759880461
6178,273523,1.0019911576455935
6191,273517,0.9751701302549861
6192,271338,0.8940903061486599
6199,271342,0.9447692386905611
6225,157877,0.9208608649264642
6226,59409,1.0069224084789992
6228,157875,0.8603829053169478
6229,157874,0.9418501635133055
6231,157863,0.8497139858813784
6256,157859,0.8954189699396857
6258,535725,0.8575514579210506
6263,157865,0.8530321886103107
6268,157869,0.6273666334482254
6276,157901,0.956123666971891
6281,157919,0.8514813661864031
6292,157921,0.9405335779701596
6297,147807,0.908305481450674
6307,535862,0.6162668780794421
6312,157926,0.9356623567502094
6318,535863,0.8935719899567078
6319,147805,0.9738080772482037
6320,59583,0.9209854002341704
6326,157858,0.8994719473768344
6328,59576,0.9561866323017895
6331,270828,0.990058177529806
6339,240216,0.908270554709852
6342,147804,0.9357982477407872
6343,240201,0.9221444444845747
6345,157855,0.971178088002543
6365,147823,0.9743291485733087
6366,147822,0.7065207677918927
6369,147818,0.8555906161500155
6515,469530,0.9438899799661378
6594,147820,0.9591790407877361
6595,147825,0.9184122000753029
6596,147816,0.946507772974262
6597,147817,0.8995632274274518
6598,147824,0.9153182870197737
6603,278924,0.9854009075896143
6604,278922,0.951518245568538
6606,278923,0.36510964434504023
6615,314065,0.938056645559047
6616,271155,0.9614773537241371
6617,158015,0.995931345889701
6618,60552,0.754936989203932
6621,274399,0.8677165365197479
6708,147866,0.9323620877897694
6710,147870,0.8817607589404326
6711,348825,0.9042320559058283
6712,147876,0.9565997011973034
6724,118667,0.921994953707098
6731,147901,0.8817333169025596
6735,147872,0.9665511211282155
6736,147900,0.9664471636192542
6737,147867,0.9633784880350659
6758,273271,0.9447945018977445
6783,118697,0.9874240877919908
6784,118698,0.9885619298621414
6893,147882,0.9128109495938359
6908,147878,0.8837499532091776
6911,539939,0.8935623425485492
6912,147890,0.8869533314020457
6913,147871,0.9828441436990568
7342,58678,0.8912217346774937
7780,148693,0.8739312303151174
7837,58932,0.9199032841238485
7840,58875,0.9802069332322239
7843,148707,0.7705736389797703
7848,148678,0.9197193615211942
7902,148654,0.9244593080277058
7931,58926,0.973280921273304
8220,58966,1.0079305796123288
8320,59376,0.8951752340239912
8321,59010,0.9191535797241814
8425,59394,0.9122546843898632
8507,59421,0.9465834087551275
8699,273945,0.9399155716068152
8755,274265,0.9898775404580648
8763,59592,0.9267906613196619
8768,59595,0.9708069472625757
8846,58819,0.8230670290783723
8847,58824,0.8822120982766523
8850,58869,0.874636122538115
8893,270914,0.9136251089355129
8905,157837,0.7600553369527365
8938,58856,0.8257525001525031
8942,58816,0.6885081576258144
8946,645264,0.751428851748901
8953,58841,0.8413313780048792
8954,158006,0.6971819421817048
8955,58800,0.8752299211940684
8956,157999,0.6043658022219148
9004,58196,0.8808707860165444
9018,158079,0.8588046091641672
9116,54669,1.0161209963747952
9118,54659,0.9357581512435326
9119,54676,0.9866842085462472
9127,496105,0.8495413654912184
9140,54613,1.0140901487735308
9141,397383,0.9955686274891339
9171,54660,0.9737669187061165
9173,54693,0.8313229118505604
9179,157847,0.7118941244694683
9183,157989,0.8899757418887435
9192,58853,0.7269253255259334
9195,58868,0.7816395457878202
9205,274320,0.9205701551399232
9216,58799,0.883087723117915
9223,157994,0.7805116710231466
9239,157985,0.8022564393728403
9242,58837,0.9185187705870665
9243,58858,0.9301850682764154
9249,157878,0.8778554066449188
9256,157979,0.9032383630315802
9261,59404,0.9311956563763801
9262,59397,0.900346897103009
9263,59402,0.9415135146584158
9343,28734,1.0914121929174259
9376,271442,0.9259229427602566
9382,334670,0.9983279598774221
9389,147962,1.0029982912561617
9392,28740,1.014724222427714
