species_name,eligible_provisional,screening_reason
Antechinus.bellus,true,provisional_taxon_only_not_island_nativeness
Antechinus.flavipes,true,provisional_taxon_only_not_island_nativeness
Antechinus.minimus,true,provisional_taxon_only_not_island_nativeness
Bettongia.lesueur,true,provisional_taxon_only_not_island_nativeness
Bettongia.penicillata,true,provisional_taxon_only_not_island_nativeness
Cercartetus.concinnus,true,provisional_taxon_only_not_island_nativeness
Cercartetus.lepidus,true,provisional_taxon_only_not_island_nativeness
Cercartetus.nanus,true,provisional_taxon_only_not_island_nativeness
Chaerephon.jobensis,true,provisional_taxon_only_not_island_nativeness
Chalinolobus.gouldii,true,provisional_taxon_only_not_island_nativeness
Chalinolobus.morio,true,provisional_taxon_only_not_island_nativeness
Chalinolobus.nigrogriseus,true,provisional_taxon_only_not_island_nativeness
Dama.dama,false,introduced_by_authors
Dasyurus.maculatus,true,provisional_taxon_only_not_island_nativeness
Falsistrellus.tasmaniensis,true,provisional_taxon_only_not_island_nativeness
Hydromys.chrysogaster,true,provisional_taxon_only_not_island_nativeness
Isoodon.auratus,true,provisional_taxon_only_not_island_nativeness
Lagostrophus.fasciatus,true,provisional_taxon_only_not_island_nativeness
Lasiorhinus.latifrons,true,provisional_taxon_only_not_island_nativeness
Leporillus.conditor,true,provisional_taxon_only_not_island_nativeness
Macroderma.gigas,true,provisional_taxon_only_not_island_nativeness
Macropus.fuliginosus,true,provisional_taxon_only_not_island_nativeness
Macropus.giganteus,true,provisional_taxon_only_not_island_nativeness
Macrotis.lagotis,true,provisional_taxon_only_not_island_nativeness
Mesembriomys.gouldii,true,provisional_taxon_only_not_island_nativeness
Myotis.macropus,true,provisional_taxon_only_not_island_nativeness
Notomys.aquilo,true,provisional_taxon_only_not_island_nativeness
Nyctophilus.bifax,true,provisional_taxon_only_not_island_nativeness
Nyctophilus.geoffroyi,true,provisional_taxon_only_not_island_nativeness
Nyctophilus.howensis,true,provisional_taxon_only_not_island_nativeness
Ornithorhynchus.anatinus,true,provisional_taxon_only_not_island_nativeness
Perameles.bougainville,true,provisional_taxon_only_not_island_nativeness
Perameles.gunnii,true,provisional_taxon_only_not_island_nativeness
Petropseudes.dahli,true,provisional_taxon_only_not_island_nativeness
Phascogale.pirata,true,provisional_taxon_only_not_island_nativeness
Phascogale.tapoatafa,true,provisional_taxon_only_not_island_nativeness
Pipistrellus.westralis,true,provisional_taxon_only_not_island_nativeness
Planigale.maculata,true,provisional_taxon_only_not_island_nativeness
Potorous.platyops,false,globally_extinct_not_contemporary
Potorous.tridactylus,true,provisional_taxon_only_not_island_nativeness
Pseudantechinus.bilarni,true,provisional_taxon_only_not_island_nativeness
Pseudantechinus.mimulus,true,provisional_taxon_only_not_island_nativeness
Pseudocheirus.peregrinus,true,provisional_taxon_only_not_island_nativeness
Pseudomys.delicatulus,true,provisional_taxon_only_not_island_nativeness
Pseudomys.novaehollandiae,true,provisional_taxon_only_not_island_nativeness
Pseudomys.shortridgei,true,provisional_taxon_only_not_island_nativeness
Pteropus.alecto,true,provisional_taxon_only_not_island_nativeness
Pteropus.conspicillatus,true,provisional_taxon_only_not_island_nativeness
Pteropus.scapulatus,true,provisional_taxon_only_not_island_nativeness
Rattus.colletti,true,provisional_taxon_only_not_island_nativeness
Rattus.exulans,false,exotic_rodent_on_australian_islands
Rattus.lutreolus,true,provisional_taxon_only_not_island_nativeness
Rattus.rattus,false,introduced_by_authors
Rhinonicteris.aurantia,true,provisional_taxon_only_not_island_nativeness
Saccolaimus.flaviventris,true,provisional_taxon_only_not_island_nativeness
Saccolaimus.saccolaimus,true,provisional_taxon_only_not_island_nativeness
Sminthopsis.butleri,true,provisional_taxon_only_not_island_nativeness
Sminthopsis.virginiae,true,provisional_taxon_only_not_island_nativeness
Sus.scrofa,false,introduced_by_authors
Syconycteris.australis,true,provisional_taxon_only_not_island_nativeness
Tachyglossus.aculeatus,true,provisional_taxon_only_not_island_nativeness
Taphozous.georgianus,true,provisional_taxon_only_not_island_nativeness
Thylogale.billardierii,true,provisional_taxon_only_not_island_nativeness
Vespadelus.caurinus,true,provisional_taxon_only_not_island_nativeness
Vespadelus.darlingtoni,true,provisional_taxon_only_not_island_nativeness
Vespadelus.finlaysoni,true,provisional_taxon_only_not_island_nativeness
Vespadelus.regulus,true,provisional_taxon_only_not_island_nativeness
Vespadelus.vulturnus,true,provisional_taxon_only_not_island_nativeness
Vombatus.ursinus,true,provisional_taxon_only_not_island_nativeness
Xeromys.myoides,true,provisional_taxon_only_not_island_nativeness
